"Slice","Name","Invested value","Value","Result","Owned quantity","Dividends gained","Dividends cash","Dividends reinvested"
"CF","CF Industries",0,0,0,"0","N/A","N/A","N/A"
"BMY","Bristol-Myers Squibb",0,0,0,"0","N/A","N/A","N/A"
"GD","General Dynamics",0,0,0,"0","N/A","N/A","N/A"
"MSFT","Microsoft",0,0,0,"0","N/A","N/A","N/A"
"RY","Royal Bank of Canada",0,0,0,"0","N/A","N/A","N/A"
"AAPL","Apple",0,0,0,"0","N/A","N/A","N/A"
"O","Realty Income",0,0,0,"0","N/A","N/A","N/A"
"BMO","Bank of Montreal",0,0,0,"0","N/A","N/A","N/A"
"RGLD","Royal Gold",0,0,0,"0","N/A","N/A","N/A"
"BNS","Bank of Nova Scotia",0,0,0,"0","N/A","N/A","N/A"
"CB","Chubb",0,0,0,"0","N/A","N/A","N/A"
"JNJ","Johnson & Johnson",0,0,0,"0","N/A","N/A","N/A"
"C","Citigroup",0,0,0,"0","N/A","N/A","N/A"
"LOW","Lowe's",0,0,0,"0","N/A","N/A","N/A"
"SYY","Sysco",0,0,0,"0","N/A","N/A","N/A"
"CNQ","Canadian Natural Resources",0,0,0,"0","N/A","N/A","N/A"
"ROP","Roper Technologies",0,0,0,"0","N/A","N/A","N/A"
"KO","Coca-Cola",0,0,0,"0","N/A","N/A","N/A"
"AGNC","AGNC Investment",0,0,0,"0","N/A","N/A","N/A"
"ITW","Illinois Tool Works",0,0,0,"0","N/A","N/A","N/A"
"WMT","Walmart",0,0,0,"0","N/A","N/A","N/A"
"AFL","Aflac",0,0,0,"0","N/A","N/A","N/A"
"KMB","Kimberly-Clark",0,0,0,"0","N/A","N/A","N/A"
"PPG","PPG Industries",0,0,0,"0","N/A","N/A","N/A"
"PEP","PepsiCo",0,0,0,"0","N/A","N/A","N/A"
"ABT","Abbott Laboratories",0,0,0,"0","N/A","N/A","N/A"
"TD","Toronto-Dominion Bank",0,0,0,"0","N/A","N/A","N/A"
"MA","Mastercard",0,0,0,"0","N/A","N/A","N/A"
"MAIN","Main Street Capital",0,0,0,"0","N/A","N/A","N/A"
"SHW","Sherwin-Williams",0,0,0,"0","N/A","N/A","N/A"
"GOOD","Gladstone Commercial",0,0,0,"0","N/A","N/A","N/A"
"PG","Procter & Gamble",0,0,0,"0","N/A","N/A","N/A"
"PNR","Pentair",0,0,0,"0","N/A","N/A","N/A"
"SLB","SLB",0,0,0,"0","N/A","N/A","N/A"
"GWW","WW Grainger",0,0,0,"0","N/A","N/A","N/A"
"TROW","T Rowe Price",0,0,0,"0","N/A","N/A","N/A"
"BLK","BlackRock",0,0,0,"0","N/A","N/A","N/A"
"ADP","Automatic Data Processing",0,0,0,"0","N/A","N/A","N/A"
"CSCO","Cisco Systems",0,0,0,"0","N/A","N/A","N/A"
"LTC","LTC Properties",0,0,0,"0","N/A","N/A","N/A"
"NUE","Nucor",0,0,0,"0","N/A","N/A","N/A"
"MCD","McDonald's",0,0,0,"0","N/A","N/A","N/A"
"ECL","Ecolab",0,0,0,"0","N/A","N/A","N/A"
"EMR","Emerson Electric",0,0,0,"0","N/A","N/A","N/A"
"ADC","Agree Realty",0,0,0,"0","N/A","N/A","N/A"
"JPM","JPMorgan Chase & Co",0,0,0,"0","N/A","N/A","N/A"
"DUK","Duke Energy",0,0,0,"0","N/A","N/A","N/A"
"CVX","Chevron",0,0,0,"0","N/A","N/A","N/A"
"IBM","IBM",0,0,0,"0","N/A","N/A","N/A"
"CAH","Cardinal Health",0,0,0,"0","N/A","N/A","N/A"
"Total","(Almost) Daily Div",0,0,0,"-","3.93","0","2.34"